,gender,email,phone,cell,nat,name.title,name.first,name.last,location.street.number,location.street.name,location.city,location.state,location.country,location.postcode,location.coordinates.latitude,location.coordinates.longitude,location.timezone.offset,location.timezone.description,login.uuid,login.username,login.password,login.salt,login.md5,login.sha1,login.sha256,dob.date,dob.age,registered.date,registered.age,id.name,id.value,picture.large,picture.medium,picture.thumbnail
0,male,denny.becker@example.com,0626-4976624,0176-1646795,DE,Mr,Denny,Becker,9502,Wiesenweg,Bad Sülze,Mecklenburg-Vorpommern,Germany,23644,-52.8154,-37.4795,+10:00,"Eastern Australia, Guam, Vladivostok",20fff172-c997-44db-b8cb-d38db3a6fbab,silverpanda844,leelee,UIKCqZTm,4f64c06f51a29471145ac6b3131bca1a,25672aba9973744d689066684cf407edf777ff09,4c04474248dd49113bea10502e6ebdd3f580d341f13eb5111fb3f3113d3b5cc4,1956-01-18T01:12:41.740Z,66,2012-06-12T04:20:36.481Z,10,SVNR,38 170156 B 147,https://randomuser.me/api/portraits/men/82.jpg,https://randomuser.me/api/portraits/med/men/82.jpg,https://randomuser.me/api/portraits/thumb/men/82.jpg
1,female,pinja.mantyla@example.com,05-983-090,049-757-90-68,FI,Miss,Pinja,Mantyla,5946,Hämeenkatu,Tornio,Tavastia Proper,Finland,46272,-50.0281,-24.8771,+7:00,"Bangkok, Hanoi, Jakarta",a2b7acf9-54c5-4bc9-bd93-ee6ccfd4a677,yellowlion104,janelle,VX9ZtQAE,622c40971f2b15dff2182543f935d480,cf71afdabb8b94e946ed39d1acf8f57f3f910a6f,878b36ad14eb70906f5af9cd5a3e3a3de01e80628a1679a75772645aaec3cfda,1985-06-23T01:10:20.103Z,37,2021-11-11T12:38:39.929Z,0,HETU,NaNNA950undefined,https://randomuser.me/api/portraits/women/53.jpg,https://randomuser.me/api/portraits/med/women/53.jpg,https://randomuser.me/api/portraits/thumb/women/53.jpg
2,male,guneet.mathew@example.com,9826366560,7224828247,IN,Mr,Guneet,Mathew,444,Chaman Ganj,Chandigarh,Sikkim,India,32604,84.2270,16.7146,-2:00,Mid-Atlantic,0bf87fe4-0e1f-4c8c-a1be-f8182686023d,silvermouse121,butter,ftRdE9i8,134b496bf2ca5671c310e112194eb283,3146cf5356a979afc95ad6e46db56e2b30d116db,b963caa7aa70489cd9637fb2096b5934cc1767ce51a8fb01faad9f15e2895a47,1990-05-27T09:42:34.655Z,32,2014-07-14T08:18:12.702Z,8,UIDAI,696119453519,https://randomuser.me/api/portraits/men/82.jpg,https://randomuser.me/api/portraits/med/men/82.jpg,https://randomuser.me/api/portraits/thumb/men/82.jpg
3,female,angie.foster@example.com,015394 60931,07997 455636,GB,Mrs,Angie,Foster,2143,Grange Road,Sunderland,South Yorkshire,United Kingdom,O49 5ZA,-44.7907,-145.2661,+8:00,"Beijing, Perth, Singapore, Hong Kong",5b07f2f3-ca0c-49dc-93a5-9a8a04437e4e,crazygorilla218,elvira,poEKxBvv,7092ea3d8628a4340c13fcc58de40e46,1fe75f573692861cc9d348aa1f0363db5912d483,16394a1359e0e215f3f9e33771c175b9ca2905667af30fc532c89062bdd5dd19,1988-09-15T21:05:19.001Z,33,2009-04-30T00:58:51.201Z,13,NINO,YB 19 88 37 L,https://randomuser.me/api/portraits/women/0.jpg,https://randomuser.me/api/portraits/med/women/0.jpg,https://randomuser.me/api/portraits/thumb/women/0.jpg
4,male,ludwig.noel@example.com,077 733 16 47,077 716 02 87,CH,Monsieur,Ludwig,Noel,3645,Rue Bossuet,Hemishofen,Appenzell Ausserrhoden,Switzerland,4315,-37.5074,-21.7444,+6:00,"Almaty, Dhaka, Colombo",b9fa33f7-8592-4f78-949d-33dc33379665,redduck650,patriots,DUvynJSR,46dce9626e1b17172ddf121240a6e8c1,bb6e1513218b18c65c634a6347cc9269549d3388,7b77ea90f769a5e6bb187ca27723604f6bb68a1f03c4837a1facbd2230471d4d,1994-10-08T23:28:33.455Z,27,2020-04-16T19:58:35.543Z,2,AVS,756.6534.4953.47,https://randomuser.me/api/portraits/men/63.jpg,https://randomuser.me/api/portraits/med/men/63.jpg,https://randomuser.me/api/portraits/thumb/men/63.jpg
5,male,pilar.delacruz@example.com,(616) 420 6899,(679) 992 7739,MX,Mr,Pilar,de la Crúz,2494,Periférico Norte Rendón,Ixtlahuacán,Tlaxcala,Mexico,33396,-28.2783,-62.3990,+3:30,Tehran,462c508e-a96e-4ad8-8e7a-e0ec19814ac7,beautifulbird679,chuai,hCB3fKgG,e9dd27ce6afafeed5402a83f76e97e01,f7e425ef7962692586f8af9bb20430fa9f9537fb,ac00355bf1ef6ffa39d19be067bcd73ed60822d0bac5734d4ef0ea993cff9dca,1954-06-11T12:24:49.040Z,68,2004-09-24T08:16:54.840Z,17,NSS,95 16 95 2070 7,https://randomuser.me/api/portraits/men/41.jpg,https://randomuser.me/api/portraits/med/men/41.jpg,https://randomuser.me/api/portraits/thumb/men/41.jpg
6,female,santa.palagnyuk@example.com,(097) R45-2541,(097) Q90-6659,UA,Miss,Santa,Palagnyuk,4018,Irininska,Lisichansk,Donecka,Ukraine,44941,-47.0707,153.0525,-3:30,Newfoundland,dca53431-ca5f-4e75-bcf4-a1f527b071bf,whitecat996,christina,QWRNmG6j,1eb9c45d387f3c81e9337bf51915e317,491ce645b18f6b11eb8afcfe56c7f3193385b486,6d7578aba560a5309796f01f71b44ca258c015613638bd6fa6f5ec30de590926,1991-06-29T12:39:59.188Z,31,2019-10-07T19:50:14.420Z,2,,,https://randomuser.me/api/portraits/women/32.jpg,https://randomuser.me/api/portraits/med/women/32.jpg,https://randomuser.me/api/portraits/thumb/women/32.jpg
7,male,xavier.macdonald@example.com,Y21 X70-0687,W84 B43-1829,CA,Mr,Xavier,Macdonald,7588,Concession Road 6,Hampstead,British Columbia,Canada,Z1V 4A8,22.9653,104.1839,-3:30,Newfoundland,1415ad36-5252-45e0-b68a-9636af0bd2f5,smallmouse137,loveit,9ZA8ycp6,8dedf826edcf192aec2d7bfa6e07dae9,cb3d705f968d728b759e23302946b560edc0ecf1,0e13f4b86c14867c68a03b1ae42c09a1f7910eb43f5271a3d9d8b449ed8fcf34,1976-10-01T02:55:50.818Z,45,2015-05-15T14:01:23.107Z,7,SIN,923004329,https://randomuser.me/api/portraits/men/21.jpg,https://randomuser.me/api/portraits/med/men/21.jpg,https://randomuser.me/api/portraits/thumb/men/21.jpg
8,female,amalie.hirsch@example.com,0407-7800381,0175-3582424,DE,Ms,Amalie,Hirsch,1704,Buchenweg,Mülheim A.D. Ruhr,Bremen,Germany,57932,-25.5936,146.5552,+3:00,"Baghdad, Riyadh, Moscow, St. Petersburg",cc5b11a4-29f9-45e0-b6ff-c799a6a9e74d,brownleopard487,topdog,AsZvd9Al,5948354a9deb4021f55b308fef83b375,1f0205246651e3197bb5b6d58cf22acd6fea91e3,1ef9c5a9fa3ae9ba0f36b00af703b2062d765bd3e8c6e722701f9a200d7a2d27,1987-11-12T18:25:44.942Z,34,2015-12-04T16:27:26.083Z,6,SVNR,38 121187 H 657,https://randomuser.me/api/portraits/women/66.jpg,https://randomuser.me/api/portraits/med/women/66.jpg,https://randomuser.me/api/portraits/thumb/women/66.jpg
9,male,mads.olsen@example.com,94254809,07892342,DK,Mr,Mads,Olsen,5120,Markvej,Noerre Alslev,Nordjylland,Denmark,74931,-10.8164,28.3224,-9:00,Alaska,190897e8-f0e0-4f19-92a1-b3e4d7bc53b5,bigleopard263,jones1,EyCBMZOt,49f056a92061c719538d1eb7d31b0278,9b4270f97e4adcd7d745e272ad2433c11957e8ca,fc7252788993c78bbb570639bcc05f6d0cac14c537bbe199e5a831889f417a82,1949-09-15T12:06:54.287Z,72,2009-08-30T08:47:26.145Z,12,CPR,150949-1519,https://randomuser.me/api/portraits/men/73.jpg,https://randomuser.me/api/portraits/med/men/73.jpg,https://randomuser.me/api/portraits/thumb/men/73.jpg
10,male,nikolaj.christiansen@example.com,83907982,13811273,DK,Mr,Nikolaj,Christiansen,2410,Hirsevænget,Horsens,Hovedstaden,Denmark,45536,73.1417,-151.1871,+9:00,"Tokyo, Seoul, Osaka, Sapporo, Yakutsk",1eed5c62-19cc-4576-8c7b-5639bbaa39ee,bluebird795,johnny5,CKUF0bGB,365961a53c0da68d8fb8350690345929,49c883ce5f4999f6ad2b73a35e4fe05083cd1cd1,d48e6e1815849db7221ea9b46f7e2121fa7ee7e3b910dc223f50d47e86c72076,1955-02-01T09:55:53.086Z,67,2002-10-05T02:19:35.548Z,19,CPR,010255-9887,https://randomuser.me/api/portraits/men/69.jpg,https://randomuser.me/api/portraits/med/men/69.jpg,https://randomuser.me/api/portraits/thumb/men/69.jpg
11,female,ronja.soetekouw@example.com,(0333) 682247,(06) 85983443,NL,Ms,Ronja,Soetekouw,3509,Kruislandsedijk,Azelo,Zeeland,Netherlands,7976 TO,23.4447,-47.3962,+11:00,"Magadan, Solomon Islands, New Caledonia",9b542a7c-7b19-404d-ba85-77e957ca6c49,angryleopard317,dewalt,GynVbRaW,2c69841267e22f308b8488eee75a9e17,f685488e13af71bf58729ef57db795356b9a5848,565c764a659ab5531b34fa7ccb211f8b890b5204bb2a146dcae6835b62371e80,1950-01-11T08:53:52.112Z,72,2007-02-07T21:17:12.633Z,15,BSN,74903742,https://randomuser.me/api/portraits/women/83.jpg,https://randomuser.me/api/portraits/med/women/83.jpg,https://randomuser.me/api/portraits/thumb/women/83.jpg
12,female,romkje.louman@example.com,(0287) 902894,(06) 08423906,NL,Miss,Romkje,Louman,1592,Eikenwal,Hoogvliet Rotterdam,Zuid-Holland,Netherlands,7249 QP,-45.1065,105.2924,-10:00,Hawaii,6e4177e1-9183-400a-a162-a630adffcfff,silverpanda751,hotass,XU0pnBmA,d93b757c2d9d485226aa87e1a65f1372,09952cc4c80ceca7e62c4870c58aa3dabc3db9ec,2c02165e15ab18384d5e215444ea3838180ec492424e0b715e9d5c00320abd5f,1944-09-21T00:13:37.095Z,77,2006-01-10T17:08:46.992Z,16,BSN,28345627,https://randomuser.me/api/portraits/women/73.jpg,https://randomuser.me/api/portraits/med/women/73.jpg,https://randomuser.me/api/portraits/thumb/women/73.jpg
13,male,manuel.lopez@example.com,017683 20411,07190 630130,GB,Mr,Manuel,Lopez,1259,Brick Kiln Road,Bath,County Tyrone,United Kingdom,V2Z 6ZP,-39.7744,96.3312,-9:00,Alaska,b5ff829f-830c-41be-9ca3-566736acba38,lazyswan806,lemmein,h9kgCQTB,1e6fe970db1a614b95bc81d9f1d94771,3e42ad82268ccfc8db5253c6e48a1dad83a82bf9,539d4df3c9caff00757f5acc1812aabc230d152395c5b8d3d72acfa92a0df0e2,1976-01-19T22:44:15.985Z,46,2006-10-01T02:08:26.214Z,15,NINO,EW 23 56 78 R,https://randomuser.me/api/portraits/men/7.jpg,https://randomuser.me/api/portraits/med/men/7.jpg,https://randomuser.me/api/portraits/thumb/men/7.jpg
14,female,lilli.kinzel@example.com,0932-1085788,0173-1861908,DE,Miss,Lilli,Kinzel,1622,Wiesenweg,Trier-Saarburg,Bayern,Germany,61323,78.0574,-127.3276,+8:00,"Beijing, Perth, Singapore, Hong Kong",3f1fdd59-b784-4971-aae0-9b9f12f94c56,bigostrich836,milfnew,TcehxIwU,d294fef821d41d55e584a7bd526e8ae6,19700b58a76e84118c01e4ec2ca16b636c9c1335,88caa6b5b693836b87ea39047d896e6b6e4c88edd6eafd89909da88296950d65,1998-11-29T01:09:59.831Z,23,2006-12-22T21:30:19.828Z,15,SVNR,51 281198 K 961,https://randomuser.me/api/portraits/women/4.jpg,https://randomuser.me/api/portraits/med/women/4.jpg,https://randomuser.me/api/portraits/thumb/women/4.jpg
15,female,rocio.lugo@example.com,(670) 061 1547,(603) 835 5753,MX,Mrs,Rocío,Lugo,8172,Calle Zimbabwe,Colonia 18 de Marzo,Sinaloa,Mexico,81060,-66.4136,-7.8864,+5:45,Kathmandu,fd6f604e-8da0-49a3-b42e-c00adbdd7074,angryleopard796,isabel,g7QBUQaT,a22fa123355bd9f3d3d57f387040ceb5,bb4da64d986bebc7a1a123291f55ab419bf9cf3c,54acec975aba00b6ebd0b67011f2881380695aa73af75bad153d9b2618ff89ec,1946-08-14T15:46:58.860Z,76,2008-11-18T14:24:38.181Z,13,NSS,63 93 65 1784 5,https://randomuser.me/api/portraits/women/15.jpg,https://randomuser.me/api/portraits/med/women/15.jpg,https://randomuser.me/api/portraits/thumb/women/15.jpg
16,male,vedat.akyuz@example.com,(054)-428-8846,(279)-360-9001,TR,Mr,Vedat,Akyüz,3345,Anafartalar Cd,Mardin,Kırklareli,Turkey,91565,-61.1536,134.2287,+1:00,"Brussels, Copenhagen, Madrid, Paris",3e168383-5cef-4360-9663-ff2d70c3905d,brownrabbit765,qing,Na31JW6g,67c4bd71b4c402df0778206cd1e087af,a3274c3b2cbe8122468109f6538eff924d730125,893c9dcb527c511c1f3b0799ad7eb23ddf7329ea6858dde4310fd035bcb0358d,1945-02-12T21:41:17.235Z,77,2014-05-25T21:04:48.569Z,8,,,https://randomuser.me/api/portraits/men/63.jpg,https://randomuser.me/api/portraits/med/men/63.jpg,https://randomuser.me/api/portraits/thumb/men/63.jpg
17,male,cory.nichols@example.com,016973 49347,07966 339785,GB,Mr,Cory,Nichols,1981,Station Road,Glasgow,West Glamorgan,United Kingdom,Y2S 5SQ,7.1967,-118.6561,-4:00,"Atlantic Time (Canada), Caracas, La Paz",394864d5-0f62-4e38-acaa-70cbe006d285,yellowfrog696,maximum,o79QeFAb,2bcae49d02bd4f54528f2a919fcc06fc,166cd86e25adbaf391bbe51752da08d2206d9937,527a8b5c57149d7a25dcc97788c64fc8a611db90a9220089b2bcfb84fc2c00fa,1995-09-10T02:10:06.943Z,26,2011-11-23T18:35:03.807Z,10,NINO,LY 92 51 16 W,https://randomuser.me/api/portraits/men/60.jpg,https://randomuser.me/api/portraits/med/men/60.jpg,https://randomuser.me/api/portraits/thumb/men/60.jpg
18,female,dyn.glshn@example.com,000-88308236,0945-871-7144,IR,Ms,دینا,گلشن,8456,نام قدیم میدان های تهران,زاهدان,اردبیل,Iran,52856,6.2488,120.1168,+6:00,"Almaty, Dhaka, Colombo",374655c4-48a2-4888-8b76-77ada4718215,organicswan807,gotmilk,0UVGQFHK,6b5511c548ea7bb0301e4ad18087fffc,10291629b7ad234946d5b127f2cbb19c86c3c9a5,904d8409d29fac53ea21f945f7c90a9cbfc6e29b8b91bc76d11b3575daee17ac,1971-03-10T17:23:30.085Z,51,2021-02-23T10:16:29.224Z,1,,,https://randomuser.me/api/portraits/women/17.jpg,https://randomuser.me/api/portraits/med/women/17.jpg,https://randomuser.me/api/portraits/thumb/women/17.jpg
19,female,candice.powell@example.com,06-0617-0605,0425-396-342,AU,Miss,Candice,Powell,6847,W 6th St,Rockhampton,Western Australia,Australia,9184,42.9208,163.4470,+5:00,"Ekaterinburg, Islamabad, Karachi, Tashkent",6387d0f1-bef3-4673-b91f-45a2e3445679,brownfish115,connect,ucaqm8Ew,f441822df9ba96f256860f0834ff3b94,9a75a88718d34d2a26bd2692dfdca3993334b407,6e599d2bc8edf3360d066437a457efa520b0b8677abab3dc5ba5688da101effd,1972-10-01T07:38:47.235Z,49,2017-08-25T13:01:20.673Z,4,TFN,617681891,https://randomuser.me/api/portraits/women/45.jpg,https://randomuser.me/api/portraits/med/women/45.jpg,https://randomuser.me/api/portraits/thumb/women/45.jpg
